currency,address
BITCOIN,bc1qh2sccq6maravlay398hpsef70fkdzpevs72mtm
BITCOIN,bc1qflxn45r85fv6f7pc2g4g8symm557vas456hthk
ETHEREUM,bc1qflxn45r85fv6f7pc2g4g8symm557vas456hthk
ETHEREUM,bc1qh2sccq6maravlay398hpsef70fkdzpevs72mtm
TRC-20,bc1qh2sccq6maravlay398hpsef70fkdzpevs72mtm
TRC-20,bc1qflxn45r85fv6f7pc2g4g8symm557vas456hthk
ERC-20,bc1qh2sccq6maravlay398hpsef70fkdzpevs72mtm
ERC-20,bc1qflxn45r85fv6f7pc2g4g8symm557vas456hthk
MONERO,bc1qh2sccq6maravlay398hpsef70fkdzpevs72mtm
MONERO,bc1qflxn45r85fv6f7pc2g4g8symm557vas456hthk